{
  "LinearRegression": {
    "rmse_log": 0.12103598552276881,
    "mae_log": 0.08816000398028548,
    "r2_log": 0.9902368020869432,
    "rmse_raw": 913.9682895363738,
    "mae_raw": 496.1234956954405,
    "r2_raw": 0.9843341119278766
  },
  "Ridge": {
    "rmse_log": 0.12065500934359374,
    "mae_log": 0.08794796175883839,
    "r2_log": 0.9902981671751736,
    "rmse_raw": 914.6037212859237,
    "mae_raw": 495.77150597076684,
    "r2_raw": 0.9843123210994134
  },
  "Lasso": {
    "rmse_log": 0.120279042111452,
    "mae_log": 0.08757257737803206,
    "r2_log": 0.9903585357954839,
    "rmse_raw": 911.5690667791504,
    "mae_raw": 493.7853015636456,
    "r2_raw": 0.9844162518070976
  },
  "PolyRidge": {
    "rmse_log": 0.11541072848338878,
    "mae_log": 0.08365377357327583,
    "r2_log": 0.9911232204131921,
    "rmse_raw": 754.8958100843703,
    "mae_raw": 449.60653600978134,
    "r2_raw": 0.9893127297112968
  },
  "SVR_RBF": {
    "rmse_log": 0.1153375970273677,
    "mae_log": 0.08257693822978836,
    "r2_log": 0.9911344666144172,
    "rmse_raw": 752.2963077702624,
    "mae_raw": 440.64872913125936,
    "r2_raw": 0.9893862067400269
  },
  "SVR_Poly": {
    "rmse_log": 0.11329737036792817,
    "mae_log": 0.08195565667753951,
    "r2_log": 0.991445340428742,
    "rmse_raw": 746.4739897427708,
    "mae_raw": 442.617465002931,
    "r2_raw": 0.9895498596623684
  }
}